local_path	timestamp	original_url	mimetype	statuscode	digest	archive_url
index.html	19970511230030	http://www.pippo.com:80/	text/html	200	VFY27NLKWMYZMVYSFJ3RH23CTQMMCXST	https://web.archive.org/web/19970511230030id_/http://www.pippo.com:80/
back-mar.gif	19970511230116	http://www.pippo.com:80/back-mar.gif	image/gif	200	BFPGZNJSMBBHNJFNMOMYNYNYR6P26YU4	https://web.archive.org/web/19970511230116id_/http://www.pippo.com:80/back-mar.gif
barra.html	19970511223539	http://www.pippo.com:80/barra.html	text/html	200	OR6MUTHCKDCGK72UNZSZM3N5QMVDIVJF	https://web.archive.org/web/19970511223539id_/http://www.pippo.com:80/barra.html
bottoni.html	19970511223603	http://www.pippo.com:80/bottoni.html	text/html	200	GTK5LOTLGDOMJENAHRQN5Q7VLHITY33X	https://web.archive.org/web/19970511223603id_/http://www.pippo.com:80/bottoni.html
english.gif	19970511231914	http://www.pippo.com:80/english.gif	image/gif	200	U2TTUWR56CKKDUSSYFQAF4ZTFGXMDIDR	https://web.archive.org/web/19970511231914id_/http://www.pippo.com:80/english.gif
home.gif	19970511231946	http://www.pippo.com:80/home.gif	image/gif	200	YYYB6YANOIQCFYN6EHG7VILYCKJU7IZP	https://web.archive.org/web/19970511231946id_/http://www.pippo.com:80/home.gif
hyper140.zip	19970511225049	http://www.pippo.com:80/hyper140.zip	application/zip	200	EJ3MD3HUNTWFK5YNPU6VHOIVVXEHJWXD	https://web.archive.org/web/19970511225049id_/http://www.pippo.com:80/hyper140.zip
hyper141.zip	19970511231826	http://www.pippo.com:80/hyper141.zip	application/zip	200	EJ3MD3HUNTWFK5YNPU6VHOIVVXEHJWXD	https://web.archive.org/web/19970511231826id_/http://www.pippo.com:80/hyper141.zip
hyper14b.zip	19970327002031	http://www.pippo.com:80/hyper14b.zip	application/zip	200	EJ3MD3HUNTWFK5YNPU6VHOIVVXEHJWXD	https://web.archive.org/web/19970327002031id_/http://www.pippo.com:80/hyper14b.zip
hypertxt.zip	19970511225917	http://www.pippo.com:80/hypertxt.zip	application/zip	200	MMMW7TMSUMRJX2WO6NIEA6Q2PXLHWM2E	https://web.archive.org/web/19970511225917id_/http://www.pippo.com:80/hypertxt.zip
hypertxt/index.html	19970511225933	http://www.pippo.com:80/hypertxt/	text/html	200	2VRGBTHJHNIW6BASVAZFUUSCE6UKAGLB	https://web.archive.org/web/19970511225933id_/http://www.pippo.com:80/hypertxt/
hypertxt/avanti.gif	19970511231838	http://www.pippo.com:80/hypertxt/avanti.gif	image/gif	200	EVC64A55OHYDK2QK4MCKFMMEF6NVMGJP	https://web.archive.org/web/19970511231838id_/http://www.pippo.com:80/hypertxt/avanti.gif
hypertxt/back.gif	19970511230124	http://www.pippo.com:80/hypertxt/back.gif	image/gif	200	N64WFWLOLO5BE4QPAMIZQNMB3YM5SSUU	https://web.archive.org/web/19970511230124id_/http://www.pippo.com:80/hypertxt/back.gif
hypertxt/barra.gif	19970511230209	http://www.pippo.com:80/hypertxt/barra.gif	image/gif	200	MNZGVWAXWQQBTOHOGCA3FSUVEJEU6DGB	https://web.archive.org/web/19970511230209id_/http://www.pippo.com:80/hypertxt/barra.gif
hypertxt/bl-pin.gif	19970511230148	http://www.pippo.com:80/hypertxt/bl-pin.gif	image/gif	200	WBCV266GYOU5MCKHZTGMX3GFAZMTPFYN	https://web.archive.org/web/19970511230148id_/http://www.pippo.com:80/hypertxt/bl-pin.gif
hypertxt/indietro.gif	19970511231848	http://www.pippo.com:80/hypertxt/indietro.gif	image/gif	200	P5M7WDGXOJJBI4OCUEQWYNSIBYT3CUA2	https://web.archive.org/web/19970511231848id_/http://www.pippo.com:80/hypertxt/indietro.gif
hypertxt/rd-pin.gif	19970511230156	http://www.pippo.com:80/hypertxt/rd-pin.gif	image/gif	200	BL35NSDBEF7QOUY6IHZ3WYGBP6QGE2GP	https://web.archive.org/web/19970511230156id_/http://www.pippo.com:80/hypertxt/rd-pin.gif
hypertxt/star.gif	19970511230137	http://www.pippo.com:80/hypertxt/star.gif	image/gif	200	2KNIZCIJBIU4PSUD4ELO35XCZCHLDYUQ	https://web.archive.org/web/19970511230137id_/http://www.pippo.com:80/hypertxt/star.gif
int-ita.html	19970511231857	http://www.pippo.com:80/int-ita.html	text/html	200	GL5OOV7TBILPEL6V5RJA7YQHBPT5SXUL	https://web.archive.org/web/19970511231857id_/http://www.pippo.com:80/int-ita.html
intro.html	19970511223549	http://www.pippo.com:80/intro.html	text/html	200	OBVJCWMCZQV3HPX3OPCHSVLDX6NMASKD	https://web.archive.org/web/19970511223549id_/http://www.pippo.com:80/intro.html
io-gr16.gif	19970511231937	http://www.pippo.com:80/io-gr16.gif	image/gif	200	JKKCOTZU2HEP43EJIMRD6EK6YZGYOE3A	https://web.archive.org/web/19970511231937id_/http://www.pippo.com:80/io-gr16.gif
italian.gif	19970511231905	http://www.pippo.com:80/italian.gif	image/gif	200	ZDRFB65VYIGFPBQKEN6W7B36J3JW6PLG	https://web.archive.org/web/19970511231905id_/http://www.pippo.com:80/italian.gif
mail3.gif	19970511231925	http://www.pippo.com:80/mail3.gif	image/gif	200	DX5UP7P5Q4JH3TUHZSREMD7FWVYLGUQD	https://web.archive.org/web/19970511231925id_/http://www.pippo.com:80/mail3.gif
mailto.gif	19970511225952	http://www.pippo.com:80/mailto.gif	image/gif	200	Q4PZQBX5YDARDEKOQTS4R5U5H64GP2US	https://web.archive.org/web/19970511225952id_/http://www.pippo.com:80/mailto.gif
matrix.gif	19970511223610	http://www.pippo.com:80/matrix.gif	image/gif	200	TGBIUYCAXZ2NO4O3LAG3FWTU6VWVB76H	https://web.archive.org/web/19970511223610id_/http://www.pippo.com:80/matrix.gif
mysound.au	19970511223524	http://www.pippo.com:80/mysound.au	audio/basic	200	2VM25AYNBG6DEOLEQ52N3WG4BNXUTQNC	https://web.archive.org/web/19970511223524id_/http://www.pippo.com:80/mysound.au
ora.html	19970511230053	http://www.pippo.com:80/ora.html	text/html	200	RMIEFU7MAMAO4PZ7F3G7ED6NIFIIFBYP	https://web.archive.org/web/19970511230053id_/http://www.pippo.com:80/ora.html
pallablu.gif	19970511230040	http://www.pippo.com:80/pallablu.gif	image/gif	200	IIJACHWPEOQOCLHUNXFFJIRLJDD3OJ54	https://web.archive.org/web/19970511230040id_/http://www.pippo.com:80/pallablu.gif
scalini.gif	19970511230017	http://www.pippo.com:80/scalini.gif	image/gif	200	E7L2XFETNCDZQ2I5ENHRD5NMGX6KX56Z	https://web.archive.org/web/19970511230017id_/http://www.pippo.com:80/scalini.gif
titolo.gif	19970511223628	http://www.pippo.com:80/titolo.gif	image/gif	200	YKSFWGSVJHSWDYGAYQMSINRKB3BXNQS3	https://web.archive.org/web/19970511223628id_/http://www.pippo.com:80/titolo.gif
titolo.html	19970511223532	http://www.pippo.com:80/titolo.html	text/html	200	JZ7YWH3BAYHAHW2D7TLS4JAAW7IEPJTS	https://web.archive.org/web/19970511223532id_/http://www.pippo.com:80/titolo.html
violet.gif	19970511223711	http://www.pippo.com:80/violet.gif	image/gif	200	CY5CIMHAJK645EF2YJHBNPHPA7PMLDSA	https://web.archive.org/web/19970511223711id_/http://www.pippo.com:80/violet.gif
where.html	19970511223654	http://www.pippo.com:80/where.html	text/html	200	54RU7NCXKIOURA6FMX6UKWTA2ZCAFPYO	https://web.archive.org/web/19970511223654id_/http://www.pippo.com:80/where.html
work2.gif	19970511230109	http://www.pippo.com:80/work2.gif	image/gif	200	GQ3IAFOR344RU5XMCLUQYK6ZCP4SNTNE	https://web.archive.org/web/19970511230109id_/http://www.pippo.com:80/work2.gif
world.gif	19970511230005	http://www.pippo.com:80/world.gif	image/gif	200	I3IWDDW4C53TFNOSB3QICNVRJ6Q2YFQE	https://web.archive.org/web/19970511230005id_/http://www.pippo.com:80/world.gif
write.html	19970511225941	http://www.pippo.com:80/write.html	text/html	200	DY35KA6PTWCX2JBSKVQNTNGCVDVPHWLN	https://web.archive.org/web/19970511225941id_/http://www.pippo.com:80/write.html
